Time,Lambda
4.6488,0.424834458
10.6093,0.356179995
18.1332,0.304629918
28.2148,0.254257734
43.1115,0.190332408
66.8165,0.133316398
